{
    "title": "Theme",
    "weight": 1,
    "questions": [
        {
            "question": "How to set up the FAQ page?",
            "answer": "See also [FAQ Page](/en/posts/faq)."
        },
        {
            "question": "Does FAQ page support Markdown syntax?",
            "answer": "Sure. You can type any valid Markdown syntax, such as `code`, *italic*, **bold text** etc.\n#### Table\n| Foo |\n|:---|\n| Bar |\n#### List\n- One\n- Two\n"
        },
        {
            "question": "How to add more icons?",
            "answer": "See also [Look and Feel](/en/posts/look-and-feel#icons)."
        },
        {
            "question": "How to remove a language?",
            "answer": "Let's take `zh-cn` as example.\n- Remove the language from `config/_default/languages.toml`.\n- Remove the content by command `find . -type f -name \"*.zh-cn.*\" -delete`."
        },
        {
            "question": "How to add new language?",
            "answer": "- Put your new language into `config/_default/languages.toml`.\n- [Write Articles](/en/docs/content/)."
        }
    ]
}